AREA,CODE
"Abbeville, SC",1795
"Acadia, LA",2166
"Accomack, VA",1694
"Ada, ID",1203
"Adair, IA",2546
"Adair, KY",2075
"Adair, MO",2200
"Adair, OK",879
"Adams, CO",108
"Adams, IA",2796
"Adams, ID",2446
"Adams, IL",1452
"Adams, IN",2024
"Adams, MS",1711
"Adams, ND",2715
"Adams, NE",784
"Adams, OH",808
"Adams, PA",370
"Adams, WA",2254
"Adams, WI",910
"Addison, VT",730
"Aguadilla, PR",2158
"Aiken, SC",259
"Aitkin, MN",1918
"Alachua, FL",1241
"Alamance, NC",1292
"Alameda, CA",16
"Alamosa, CO",991
"Albany, NY",149
"Albany, WY",1652
"Albemarle, VA",376
"Alcona, MI",1960
"Alcorn, MS",2175
"Alexander, IL",2761
"Alexander, NC",721
"Alexandria City, VA",290
"Alfalfa, OK",1131
"Alger, MI",2134
"Allamakee, IA",1005
"Allegan, MI",1343
"Allegany, MD",456
"Allegany, NY",604
"Alleghany, NC",1053
"Alleghany, VA",2093
"Allegheny, PA",23
"Allen, IN",1205
"Allen, KS",2315
"Allen, KY",1866
"Allen, LA",3086
"Allen, OH",355
"Allendale, SC",2744
"Alpena, MI",1732
"Alpine, CA",1154
"Amador, CA",710
"Amelia, VA",2114
"Amherst, VA",777
"Amite, MS",2858
"Anchorage, AK",1221
"Anderson, KS",2139
"Anderson, KY",1846
"Anderson, SC",223
"Anderson, TN",455
"Anderson, TX",1485
"Andrew, MO",2843
"Andrews, TX",2291
"Androscoggin, ME",348
"Angelina, TX",1390
"Anne Arundel, MD",83
"Anoka, MN",139
"Anson, NC",825
"Antelope, NE",2612
"Antrim, MI",1818
"Apache, AZ",468
"Appanoose, IA",1035
"Appling, GA",2567
"Appomattox, VA",2288
"Aransas, TX",1824
"Arapahoe, CO",78
"Archer, TX",2375
"Archuleta, CO",1044
"Arecibo, PR",2151
"Arenac, MI",1920
"Arkansas, AR",934
"Arlington, VA",202
"Armstrong, PA",477
"Armstrong, TX",3051
"Aroostook, ME",1433
"Arthur, NE",2838
"Ascension, LA",1355
"Ashe, NC",821
"Ashland, OH",1512
"Ashland, WI",976
"Ashley, AR",893
"Ashtabula, OH",368
"Asotin, WA",1842
"Assumption, LA",2695
"Atascosa, TX",1569
"Atchison, KS",2269
"Athens, OH",498
"Atkinson, GA",2757
"Atlantic, NJ",163
"Atoka, OK",1010
"Attala, MS",2247
"Audrain, MO",1792
"Audubon, IA",2778
"Auglaize, OH",630
"Augusta, VA",461
"Aurora, SD",3020
"Austin, TX",1749
"Autauga, AL",1505
"Avery, NC",1893
"Avoyelles, LA",2172
"Baca, CO",2799
"Bacon, GA",2739
"Bailey, TX",2897
"Baker, FL",1766
"Baker, GA",2800
"Baker, OR",977
"Baldwin, AL",228
"Baldwin, GA",1562
"Ballard, KY",2760
"Baltimore City, MD",73
"Baltimore, MD",48
"Bamberg, SC",2511
"Bandera, TX",1860
"Banks, GA",2077
"Banner, NE",2833
"Bannock, ID",1396
"Baraga, MI",2380
"Barber, KS",2947
"Barbour, AL",1762
"Barbour, WV",2089
"Barnes, ND",2864
"Barnstable, MA",196
"Barnwell, SC",881
"Barren, KY",1593
"Barron, WI",1561
"Barrow, GA",1443
"Barry, MI",1483
"Barry, MO",1662
"Bartholomew, IN",1414
"Barton, KS",2043
"Barton, MO",2327
"Bartow, GA",1362
"Bastrop, TX",1428
"Bates, MO",2086
"Bath, KY",2124
"Bath, VA",2441
"Baxter, AR",678
"Bay, FL",1279
"Bay, MI",1353
"Bayamon, PR",2152
"Bayfield, WI",1931
"Baylor, TX",2977
"Beadle, SD",2503
"Bear Lake, ID",2435
"Beaufort, NC",1543
"Beaufort, SC",253
"Beauregard, LA",1660
"Beaver, OK",2620
"Beaver, PA",239
"Beaver, UT",2427
"Beaverhead, MT",2137
"Becker, MN",775
"Beckham, OK",892
"Bedford City, VA",2431
"Bedford, PA",596
"Bedford, TN",1567
"Bedford, VA",479
"Bee, TX",2183
"Belknap, NH",1480
"Bell, KY",2189
"Bell, TX",1214
"Belmont, OH",471
"Beltrami, MN",645
"Ben Hill, GA",2080
"Benewah, ID",2136
"Bennett, SD",2986
"Bennington, VT",722
"Benson, ND",2907
"Bent, CO",2776
"Benton, AR",191
"Benton, IA",1778
"Benton, IN",2381
"Benton, MN",1628
"Benton, MO",1875
"Benton, MS",2683
"Benton, OR",420
"Benton, TN",1913
"Benton, WA",235
"Benzie, MI",1896
"Bergen, NJ",39
"Berkeley, SC",232
"Berkeley, WV",1359
"Berks, PA",119
"Berkshire, MA",306
"Bernalillo, NM",1182
"Berrien, GA",1872
"Berrien, MI",1287
"Bertie, NC",2235
"Bexar, TX",1161
"Bibb, AL",2219
"Bibb, GA",1288
"Bienville, LA",2702
"Big Horn, MT",2859
"Big Horn, WY",2123
"Big Stone, MN",2555
"Billings, ND",3079
"Bingham, ID",1563
"Black Hawk, IA",307
"Blackford, IN",2113
"Bladen, NC",2176
"Blaine, ID",1848
"Blaine, MT",2908
"Blaine, NE",2837
"Blaine, OK",1045
"Blair, PA",312
"Blanco, TX",1963
"Bland, VA",1116
"Bleckley, GA",2526
"Bledsoe, TN",1949
"Blount, AL",1490
"Blount, TN",319
"Blue Earth, MN",502
"Boise, ID",2143
"Bolivar, MS",2177
"Bollinger, MO",2329
"Bond, IL",1894
"Bonner, ID",1605
"Bonneville, ID",1358
"Boone, AR",726
"Boone, IA",830
"Boone, IL",1507
"Boone, IN",1493
"Boone, KY",327
"Boone, MO",1281
"Boone, NE",2786
"Boone, WV",2050
"Borden, TX",3083
"Bosque, TX",1886
"Bossier, LA",1335
"Botetourt, VA",764
"Bottineau, ND",2564
"Boulder, CO",155
"Boundary, ID",2126
"Bourbon, KS",2515
"Bourbon, KY",927
"Bowie, TX",1378
"Bowman, ND",3000
"Box Butte, NE",2584
"Box Elder, UT",1528
"Boyd, KY",1533
"Boyd, NE",2813
"Boyle, KY",1748
"Bracken, KY",2604
"Bradford, FL",1746
"Bradford, PA",509
"Bradley, AR",1049
"Bradley, TN",377
"Branch, MI",1565
"Brantley, GA",2257
"Braxton, WV",2296
"Brazoria, TX",1213
"Brazos, TX",1258
"Breathitt, KY",2730
"Breckinridge, KY",925
"Bremer, IA",861
"Brevard, FL",1188
"Brewster, TX",2372
"Briscoe, TX",3061
"Bristol City, VA",949
"Bristol, MA",80
"Bristol, RI",595
"Broadwater, MT",2146
"Bronx, NY",20
"Brooke, WV",2053
"Brookings, SD",2181
"Brooks, GA",2276
"Brooks, TX",2686
"Broome, NY",211
"Broomfield, CO",550
"Broward, FL",1160
"Brown, IL",2903
"Brown, IN",1928
"Brown, KS",2358
"Brown, MN",1785
"Brown, NE",2803
"Brown, OH",642
"Brown, SD",1648
"Brown, TX",1631
"Brown, WI",177
"Brule, SD",2936
"Brunswick, NC",352
"Brunswick, VA",957
"Bryan, GA",1728
"Bryan, OK",665
"Buchanan, IA",906
"Buchanan, MO",1384
"Buchanan, VA",2052
"Buckingham, VA",1902
"Bucks, PA",71
"Buena Vista City, VA",1119
"Buena Vista, IA",2071
"Buffalo, NE",627
"Buffalo, WI",1025
"Bullitt, KY",1427
"Bulloch, GA",1439
"Bullock, AL",2741
"Buncombe, NC",182
"Bureau, IL",1673
"Burke, GA",2058
"Burke, NC",403
"Burke, ND",3049
"Burleigh, ND",1403
"Burleson, TX",2844
"Burlington, NJ",105
"Burnet, TX",1588
"Burnett, WI",990
"Burt, NE",1115
"Butler, AL",907
"Butler, IA",1001
"Butler, KS",1457
"Butler, KY",2580
"Butler, MO",1587
"Butler, NE",2605
"Butler, OH",129
"Butler, PA",225
"Butte, CA",192
"Butte, ID",3013
"Butte, SD",2355
"Butts, GA",1817
"Cabarrus, NC",231
"Cabell, WV",1369
"Cabo Rojo, PR",2159
"Cache, UT",1340
"Caddo, LA",1237
"Caddo, OK",2029
"Caguas, PR",2149
"Calaveras, CA",634
"Calcasieu, LA",1259
"Caldwell, KY",2316
"Caldwell, LA",2708
"Caldwell, MO",2366
"Caldwell, NC",425
"Caldwell, TX",1632
"Caledonia, VT",786
"Calhoun, AL",328
"Calhoun, AR",2787
"Calhoun, FL",2519
"Calhoun, GA",2774
"Calhoun, IA",1078
"Calhoun, IL",2790
"Calhoun, MI",1313
"Calhoun, MS",2847
"Calhoun, SC",995
"Calhoun, TX",1847
"Calhoun, WV",2413
"Callahan, TX",2309
"Callaway, MO",1575
"Calloway, KY",1639
"Calumet, WI",603
"Calvert, MD",411
"Camas, ID",3073
"Cambria, PA",288
"Camden, GA",1526
"Camden, MO",1576
"Camden, NC",1076
"Camden, NJ",91
"Cameron, LA",3088
"Cameron, PA",2659
"Cameron, TX",1201
"Camp, TX",2328
"Campbell, KY",404
"Campbell, TN",1607
"Campbell, VA",559
"Campbell, WY",1558
"Camuy, PR",2557
"Canadian, OK",336
"Candler, GA",2125
"Cannon, TN",1021
"Canyon, ID",1263
"Cape Girardeau, MO",1419
"Cape May, NJ",383
"Carbon, MT",2002
"Carbon, PA",496
"Carbon, UT",2232
"Carbon, WY",1921
"Caribou, ID",2902
"Carlisle, KY",2789
"Carlton, MN",741
"Carolina, PR",2007
"Caroline, MD",768
"Caroline, VA",809
"Carroll, AR",819
"Carroll, GA",1346
"Carroll, IA",2068
"Carroll, IL",1927
"Carroll, IN",1864
"Carroll, KY",2346
"Carroll, MD",243
"Carroll, MO",2370
"Carroll, MS",2866
"Carroll, NH",1541
"Carroll, OH",800
"Carroll, TN",1745
"Carroll, VA",792
"Carson City, NV",555
"Carson, TX",2914
"Carter, KY",2042
"Carter, MO",2430
"Carter, MT",3072
"Carter, OK",612
"Carter, TN",543
"Carteret, NC",488
"Carver, MN",402
"Cascade, MT",1402
"Casey, KY",2280
"Cass, IA",1017
"Cass, IL",2308
"Cass, IN",1983
"Cass, MI",1518
"Cass, MN",807
"Cass, MO",1365
"Cass, ND",1293
"Cass, NE",844
"Cass, TX",1726
"Cassia, ID",2217
"Castro, TX",2887
"Caswell, NC",864
"Catahoula, LA",2707
"Catawba, NC",271
"Catoosa, GA",1466
"Catron, NM",2448
"Cattaraugus, NY",433
"Cayey, PR",2558
"Cayuga, NY",434
"Cecil, MD",371
"Cedar, IA",2076
"Cedar, MO",1941
"Cedar, NE",2599
"Centre, PA",272
"Cerro Gordo, IA",648
"Chaffee, CO",951
"Chambers, AL",754
"Chambers, TX",1669
"Champaign, IL",1253
"Champaign, OH",692
"Charles City, VA",1111
"Charles, MD",285
"Charleston, SC",135
"Charlevoix, MI",1783
"Charlotte, FL",1283
"Charlotte, VA",2732
"Charlottesville City, VA",1581
"Charlton, GA",2734
"Chase, KS",3017
"Chase, NE",2797
"Chatham, GA",1234
"Chatham, NC",1469
"Chattahoochee, GA",2738
"Chattooga, GA",2199
"Chautauqua, KS",2980
"Chautauqua, NY",298
"Chaves, NM",1458
"Cheatham, TN",701
"Cheboygan, MI",1776
"Chelan, WA",466
"Chemung, NY",408
"Chenango, NY",589
"Cherokee, AL",834
"Cherokee, GA",1248
"Cherokee, IA",2528
"Cherokee, KS",2065
"Cherokee, NC",820
"Cherokee, OK",617
"Cherokee, SC",554
"Cherokee, TX",1525
"Cherry, NE",2785
"Chesapeake City, VA",190
"Cheshire, NH",1413
"Chester, PA",94
"Chester, SC",765
"Chester, TN",964
"Chesterfield, SC",621
"Chesterfield, VA",144
"Cheyenne, CO",1153
"Cheyenne, KS",3019
"Cheyenne, NE",2131
"Chickasaw, IA",2643
"Chickasaw, MS",2666
"Chicot, AR",2583
"Childress, TX",2901
"Chilton, AL",652
"Chippewa, MI",704
"Chippewa, MN",2527
"Chippewa, WI",512
"Chisago, MN",564
"Chittenden, VT",268
"Choctaw, AL",2852
"Choctaw, MS",2882
"Choctaw, OK",2097
"Chouteau, MT",2924
"Chowan, NC",1934
"Christian, IL",2023
"Christian, KY",460
"Christian, MO",1410
"Churchill, NV",847
"Cibola, NM",2469
"Cidra, PR",2559
"Cimarron, OK",1151
"Citrus, FL",1303
"Clackamas, OR",125
"Claiborne, LA",2698
"Claiborne, MS",2878
"Claiborne, TN",1712
"Clallam, WA",1434
"Clare, MI",1723
"Clarendon, SC",744
"Clarion, PA",695
"Clark, AR",876
"Clark, IL",2509
"Clark, IN",1347
"Clark, KS",3041
"Clark, KY",1661
"Clark, MO",2898
"Clark, NV",10
"Clark, OH",292
"Clark, SD",2978
"Clark, WA",113
"Clark, WI",1677
"Clarke, AL",836
"Clarke, GA",1336
"Clarke, IA",2650
"Clarke, MS",2668
"Clarke, VA",1014
"Clatsop, OR",723
"Clay, AL",2301
"Clay, AR",2278
"Clay, FL",1260
"Clay, GA",2801
"Clay, IA",969
"Clay, IL",2463
"Clay, IN",1768
"Clay, KS",2389
"Clay, KY",2720
"Clay, MN",536
"Clay, MO",1246
"Clay, MS",2070
"Clay, NC",1067
"Clay, NE",2613
"Clay, TN",2405
"Clay, TX",2347
"Clay, WV",2369
"Clayton, GA",1236
"Clayton, IA",2078
"Clear Creek, CO",1087
"Clearfield, PA",430
"Clearwater, ID",2383
"Clearwater, MN",2543
"Cleburne, AL",2516
"Cleburne, AR",835
"Clermont, OH",214
"Cleveland, AR",1093
"Cleveland, NC",382
"Cleveland, OK",172
"Clinch, GA",2772
"Clinton, IA",602
"Clinton, IL",1635
"Clinton, IN",1985
"Clinton, KY",2353
"Clinton, MI",1423
"Clinton, MO",1856
"Clinton, NY",429
"Clinton, OH",672
"Clinton, PA",699
"Cloud, KS",2364
"Coahoma, MS",2664
"Coal, OK",1128
"Coamo, PR",2565
"Cobb, GA",1179
"Cochise, AZ",305
"Cochran, TX",3001
"Cocke, TN",1659
"Coconino, AZ",300
"Codington, SD",2484
"Coffee, AL",594
"Coffee, GA",2013
"Coffee, TN",1514
"Coffey, KS",2387
"Coke, TX",2993
"Colbert, AL",561
"Cole, MO",1418
"Coleman, TX",2682
"Coles, IL",1508
"Colfax, NE",1069
"Colfax, NM",1997
"Colleton, SC",703
"Collier, FL",1212
"Collin, TX",54
"Collingsworth, TX",3006
"Colonial Heights City, VA",959
"Colorado, TX",2494
"Colquitt, GA",2170
"Columbia, AR",854
"Columbia, FL",1451
"Columbia, GA",1326
"Columbia, NY",507
"Columbia, OR",599
"Columbia, PA",482
"Columbia, WA",2556
"Columbia, WI",544
"Columbiana, OH",347
"Columbus, NC",540
"Colusa, CA",898
"Comal, TX",1351
"Comanche, KS",3053
"Comanche, OK",318
"Comanche, TX",2300
"Concho, TX",2968
"Concordia, LA",2495
"Conecuh, AL",1030
"Conejos, CO",2400
"Contra Costa, CA",27
"Converse, WY",2108
"Conway, AR",899
"Cook, GA",1900
"Cook, IL",1156
"Cook, MN",1977
"Cooke, TX",1629
"Cooper, MO",3092
"Coos, NH",1697
"Coos, OR",508
"Coosa, AL",2530
"Copiah, MS",2187
"Cortland, NY",600
"Coryell, TX",1422
"Coshocton, OH",727
"Costilla, CO",2450
"Cotton, OK",1124
"Cottonwood, MN",2335
"Covington City, VA",2618
"Covington, AL",715
"Covington, MS",2246
"Coweta, GA",1325
"Cowley, KS",1651
"Cowlitz, WA",362
"Craig, OK",1930
"Craig, VA",1135
"Craighead, AR",385
"Crane, TX",2958
"Craven, NC",359
"Crawford, AR",515
"Crawford, GA",2325
"Crawford, IA",965
"Crawford, IL",2498
"Crawford, IN",1065
"Crawford, KS",1623
"Crawford, MI",1940
"Crawford, MO",1807
"Crawford, OH",651
"Crawford, PA",409
"Crawford, WI",1910
"Creek, OK",473
"Crenshaw, AL",1019
"Crisp, GA",2056
"Crittenden, AR",588
"Crittenden, KY",2596
"Crockett, TN",2295
"Crook, OR",904
"Crook, WY",2420
"Crosby, TX",2918
"Cross, AR",948
"Crow Wing, MN",1474
"Crowley, CO",2782
"Cullman, AL",1405
"Culpeper, VA",622
"Cumberland, IL",2646
"Cumberland, KY",2425
"Cumberland, ME",161
"Cumberland, NC",142
"Cumberland, NJ",267
"Cumberland, PA",184
"Cumberland, TN",1495
"Cumberland, VA",2471
"Cuming, NE",1085
"Currituck, NC",867
"Curry, NM",1540
"Curry, OR",886
"Custer, CO",1978
"Custer, ID",2147
"Custer, MT",2334
"Custer, NE",2587
"Custer, OK",2045
"Custer, SD",2401
"Cuyahoga, OH",22
"Dade, GA",1911
"Dade, MO",2545
"Daggett, UT",3074
"Dakota, MN",121
"Dakota, NE",902
"Dale, AL",591
"Dallam, TX",2905
"Dallas, AL",650
"Dallas, AR",1097
"Dallas, IA",491
"Dallas, MO",1906
"Dallas, TX",6
"Dane, WI",98
"Daniels, MT",3055
"Danville City, VA",660
"Dare, NC",756
"Darke, OH",568
"Darlington, SC",478
"Dauphin, PA",167
"Davidson, NC",251
"Davidson, TN",69
"Davie, NC",684
"Daviess, IN",1717
"Daviess, KY",1368
"Daviess, MO",3096
"Davis, IA",1091
"Davis, UT",1216
"Dawes, NE",2598
"Dawson, GA",1830
"Dawson, MT",2376
"Dawson, NE",859
"Dawson, TX",2853
"Day, SD",2927
"De Baca, NM",3046
"De Kalb, AL",1436
"De Kalb, IL",2566
"De Kalb, IN",1591
"De Soto, FL",1674
"De Soto, LA",2197
"De Witt, TX",2241
"DeKalb, IL",1357
"DeKalb, MO",3093
"DeSoto, MS",256
"Deaf Smith, TX",2248
"Dearborn, IN",593
"Decatur, GA",2040
"Decatur, IA",1095
"Decatur, IN",1789
"Decatur, KS",3012
"Decatur, TN",1955
"Deer Lodge, MT",2135
"Defiance, OH",702
"Dekalb, GA",1178
"Dekalb, TN",1879
"Del Norte, CA",805
"Delaware, IA",953
"Delaware, IN",1333
"Delaware, NY",609
"Delaware, OH",237
"Delaware, OK",679
"Delaware, PA",79
"Delta, CO",787
"Delta, MI",1642
"Delta, TX",2689
"Dent, MO",1996
"Denton, TX",65
"Denver, CO",76
"Des Moines, IA",690
"Deschutes, OR",266
"Desha, AR",2579
"Deuel, NE",2819
"Dewey, OK",2629
"Dewitt, IL",2506
"Dickens, TX",3031
"Dickenson, VA",981
"Dickey, ND",2711
"Dickinson, IA",970
"Dickinson, KS",1868
"Dickinson, MI",2048
"Dickson, TN",597
"Dillon, SC",2479
"Dimmit, TX",2875
"Dinwiddie, VA",1757
"District of Columbia, DC",75
"Divide, ND",3045
"Dixie, FL",1914
"Dixon, NE",1127
"Doddridge, WV",2652
"Dodge, GA",2492
"Dodge, MN",923
"Dodge, NE",1646
"Dodge, WI",410
"Dolores, CO",2814
"Dona Ana, NM",1251
"Doniphan, KS",2888
"Donley, TX",2979
"Dooly, GA",2289
"Door, WI",816
"Dorchester, MD",774
"Dorchester, SC",296
"Dougherty, GA",1374
"Douglas, CO",158
"Douglas, GA",1316
"Douglas, IL",1865
"Douglas, KS",1344
"Douglas, MN",738
"Douglas, MO",2109
"Douglas, NE",89
"Douglas, NV",616
"Douglas, OR",349
"Douglas, SD",3009
"Douglas, WA",706
"Douglas, WI",647
"Drew, AR",939
"Du Page, IL",1169
"Dubois, IN",1597
"Dubuque, IA",393
"Duchesne, UT",2255
"Dukes, MA",971
"Dundy, NE",2817
"Dunklin, MO",2182
"Dunn, ND",2982
"Dunn, WI",1578
"Duplin, NC",539
"Durham, NC",1232
"Dutchess, NY",153
"Duval, FL",1172
"Duval, TX",2861
"Dyer, TN",2173
"Eagle, CO",577
"Early, GA",2585
"East Baton Rouge, LA",1196
"East Carroll, LA",2893
"East Feliciana, LA",2697
"Eastland, TX",1880
"Eaton, MI",1354
"Eau Claire, WI",379
"Echols, GA",2795
"Ector, TX",1311
"Eddy, ND",3034
"Eddy, NM",1509
"Edgar, IL",2499
"Edgecombe, NC",547
"Edgefield, SC",824
"Edmonson, KY",2118
"Edwards, IL",1117
"Edwards, KS",3007
"Edwards, TX",3047
"Effingham, GA",1521
"Effingham, IL",1680
"El Dorado, CA",229
"El Paso, CO",72
"El Paso, TX",1175
"Elbert, CO",875
"Elbert, GA",1863
"Elk, KS",3015
"Elk, PA",781
"Elkhart, IN",1256
"Elko, NV",606
"Elliott, KY",2763
"Ellis, KS",1747
"Ellis, OK",1141
"Ellis, TX",280
"Ellsworth, KS",2428
"Elmore, AL",436
"Elmore, ID",1767
"Emanuel, GA",2222
"Emery, UT",2532
"Emmet, IA",2648
"Emmet, MI",1705
"Emmons, ND",2714
"Emporia City, VA",2780
"Erath, TX",1634
"Erie, NY",37
"Erie, OH",447
"Erie, PA",162
"Escambia, AL",709
"Escambia, FL",1217
"Esmeralda, NV",1155
"Essex, MA",56
"Essex, NJ",53
"Essex, NY",698
"Essex, VA",1055
"Essex, VT",1122
"Estill, KY",2576
"Etowah, AL",358
"Eureka, NV",2818
"Evangeline, LA",2178
"Evans, GA",2344
"Fairbanks North Star, AK",1367
"Fairfax City, VA",884
"Fairfax, VA",26
"Fairfield, CT",38
"Fairfield, OH",286
"Fairfield, SC",862
"Fajardo, PR",2153
"Fall River, SD",3097
"Fallon, MT",3014
"Falls Church City, VA",1040
"Falls, TX",2262
"Fannin, GA",1816
"Fannin, TX",1683
"Faribault, MN",1004
"Faulkner, AR",343
"Fauquier, VA",497
"Fayette, AL",2568
"Fayette, GA",1356
"Fayette, IA",909
"Fayette, IL",1832
"Fayette, IN",2205
"Fayette, KY",154
"Fayette, OH",798
"Fayette, PA",295
"Fayette, TN",707
"Fayette, TX",2204
"Fayette, WV",2012
"Fentress, TN",1890
"Fergus, MT",1998
"Ferry, WA",2414
"Fillmore, MN",1854
"Fillmore, NE",2619
"Finney, KS",2019
"Fisher, TX",2971
"Flagler, FL",1372
"Flathead, MT",1380
"Fleming, KY",2103
"Florence, SC",294
"Florence, WI",2442
"Floyd, GA",1371
"Floyd, IA",2572
"Floyd, IN",1425
"Floyd, KY",2015
"Floyd, TX",2911
"Floyd, VA",994
"Fluvanna, VA",838
"Foard, TX",3066
"Fond du Lac, WI",365
"Ford, IL",1939
"Ford, KS",2025
"Forest, PA",2410
"Forest, WI",1970
"Forrest, MS",1424
"Forsyth, GA",1272
"Forsyth, NC",134
"Fort Bend, TX",1186
"Foster, ND",2992
"Fountain, IN",2265
"Franklin City, VA",1094
"Franklin, AL",783
"Franklin, AR",2259
"Franklin, FL",1957
"Franklin, GA",1834
"Franklin, IA",1066
"Franklin, ID",2320
"Franklin, IL",1617
"Franklin, IN",874
"Franklin, KS",1782
"Franklin, KY",1535
"Franklin, LA",2696
"Franklin, MA",469
"Franklin, ME",790
"Franklin, MO",369
"Franklin, MS",2886
"Franklin, NC",524
"Franklin, NE",2632
"Franklin, NY",579
"Franklin, OH",24
"Franklin, PA",279
"Franklin, TN",1604
"Franklin, TX",1962
"Franklin, VA",549
"Franklin, VT",611
"Franklin, WA",441
"Frederick, MD",186
"Frederick, VA",439
"Fredericksburg City, VA",860
"Freeborn, MN",1721
"Freestone, TX",1867
"Fremont, CO",620
"Fremont, IA",1104
"Fremont, ID",1947
"Fremont, WY",1612
"Fresno, CA",34
"Frio, TX",2667
"Frontier, NE",2808
"Fulton, AR",2330
"Fulton, GA",1168
"Fulton, IL",1643
"Fulton, IN",1993
"Fulton, KY",2549
"Fulton, NY",552
"Fulton, OH",663
"Fulton, PA",2290
"Furnas, NE",2626
"Gadsden, FL",1554
"Gage, NE",888
"Gaines, TX",2082
"Galax City, VA",2421
"Gallatin, IL",2658
"Gallatin, KY",2602
"Gallatin, MT",1382
"Gallia, OH",788
"Galveston, TX",1222
"Garden, NE",2815
"Garfield, CO",548
"Garfield, MT",3070
"Garfield, NE",2816
"Garfield, OK",526
"Garfield, UT",2439
"Garfield, WA",1152
"Garland, AR",387
"Garrard, KY",1904
"Garrett, MD",791
"Garvin, OK",818
"Garza, TX",2910
"Gasconade, MO",1929
"Gaston, NC",203
"Gates, NC",1042
"Geary, KS",1679
"Geauga, OH",394
"Gem, ID",1908
"Genesee, MI",1198
"Genesee, NY",529
"Geneva, AL",826
"George, MS",2061
"Georgetown, SC",528
"Gibson, IN",1687
"Gibson, TN",1531
"Gila, AZ",565
"Gilchrist, FL",2087
"Giles, TN",1734
"Giles, VA",1899
"Gillespie, TX",1803
"Gilliam, OR",2820
"Gilmer, GA",1751
"Gilmer, WV",2601
"Gilpin, CO",1133
"Glacier, MT",2856
"Glades, FL",2318
"Gladwin, MI",1790
"Glascock, GA",2804
"Glasscock, TX",3069
"Glenn, CA",814
"Gloucester, NJ",156
"Gloucester, VA",728
"Glynn, GA",1407
"Gogebic, MI",2275
"Golden Valley, MT",3077
"Golden Valley, ND",3059
"Goliad, TX",2687
"Gonzales, TX",2841
"Goochland, VA",896
"Goodhue, MN",626
"Gooding, ID",1925
"Gordon, GA",1502
"Goshen, WY",2112
"Gosper, NE",2634
"Gove, KS",3021
"Grady, GA",2049
"Grady, OK",572
"Grafton, NH",1385
"Graham, AZ",720
"Graham, KS",3023
"Graham, NC",1090
"Grainger, TN",880
"Grand Forks, ND",1455
"Grand Isle, VT",1114
"Grand Traverse, MI",1388
"Grand, CO",1002
"Grand, UT",2373
"Granite, MT",3004
"Grant, AR",2263
"Grant, IN",1440
"Grant, KS",2408
"Grant, KY",1808
"Grant, LA",2490
"Grant, MN",2551
"Grant, ND",3033
"Grant, NE",2835
"Grant, NM",1733
"Grant, OK",1137
"Grant, OR",1103
"Grant, SD",2547
"Grant, WA",406
"Grant, WI",584
"Grant, WV",2122
"Granville, NC",530
"Gratiot, MI",1589
"Graves, KY",2017
"Gray, KS",2921
"Gray, TX",2062
"Grays Harbor, WA",465
"Grayson, KY",1788
"Grayson, TX",1331
"Grayson, VA",988
"Greeley, KS",3068
"Greeley, NE",2809
"Green Lake, WI",933
"Green, KY",2340
"Green, WI",1644
"Greenbrier, WV",1665
"Greene, AL",2752
"Greene, AR",671
"Greene, GA",1919
"Greene, IA",1083
"Greene, IL",2522
"Greene, IN",1986
"Greene, MO",1227
"Greene, MS",2671
"Greene, NC",2234
"Greene, NY",601
"Greene, OH",254
"Greene, PA",2468
"Greene, TN",1447
"Greene, VA",1883
"Greenlee, AZ",1096
"Greensville, VA",1041
"Greenup, KY",725
"Greenville, SC",104
"Greenwood, KS",2426
"Greenwood, SC",474
"Greer, OK",1123
"Gregg, TX",1328
"Grenada, MS",2063
"Griggs, ND",3032
"Grimes, TX",1770
"Grundy, IA",1037
"Grundy, IL",1527
"Grundy, MO",2354
"Grundy, TN",2305
"Guadalupe, NM",2951
"Guadalupe, TX",1320
"Guaynabo, PR",2155
"Guernsey, OH",693
"Guilford, NC",1193
"Gulf, FL",1922
"Gunnison, CO",993
"Gurabo, PR",2150
"Guthrie, IA",1060
"Gwinnett, GA",1174
"Habersham, GA",1584
"Hale, AL",2281
"Hale, TX",2021
"Halifax, NC",560
"Halifax, VA",735
"Hall, GA",1269
"Hall, NE",538
"Hall, TX",2991
"Hamblen, TN",510
"Hamilton, FL",2101
"Hamilton, IA",2283
"Hamilton, IL",2651
"Hamilton, IN",1228
"Hamilton, KS",3022
"Hamilton, NE",1086
"Hamilton, NY",1136
"Hamilton, OH",49
"Hamilton, TN",1209
"Hamilton, TX",2391
"Hamlin, SD",2923
"Hampden, MA",103
"Hampshire, MA",265
"Hampshire, WV",1990
"Hampton City, VA",293
"Hampton, SC",2238
"Hancock, GA",1969
"Hancock, IA",2645
"Hancock, IL",2722
"Hancock, IN",1441
"Hancock, KY",2603
"Hancock, ME",562
"Hancock, MS",1577
"Hancock, OH",457
"Hancock, WV",1988
"Hand, SD",2985
"Hanover, VA",372
"Hansford, TX",2930
"Haralson, GA",1740
"Hardee, FL",2041
"Hardeman, TN",2192
"Hardeman, TX",2965
"Hardin, IA",2636
"Hardin, IL",2443
"Hardin, KY",356
"Hardin, OH",780
"Hardin, TN",1780
"Hardin, TX",1504
"Harding, NM",3082
"Hardy, WV",2107
"Harford, MD",178
"Harlan, KY",2031
"Harlan, NE",2631
"Harmon, OK",1149
"Harnett, NC",338
"Harney, OR",1105
"Harper, KS",2919
"Harper, OK",1146
"Harris, GA",1714
"Harris, TX",1157
"Harrison, IA",1000
"Harrison, IN",1619
"Harrison, KY",1877
"Harrison, MO",2881
"Harrison, MS",1264
"Harrison, OH",982
"Harrison, TX",1459
"Harrison, WV",476
"Harrisonburg City, VA",605
"Hart, GA",1797
"Hart, KY",1887
"Hartford, CT",41
"Hartley, TX",2917
"Harvey, KS",1678
"Haskell, KS",2961
"Haskell, OK",1036
"Haskell, TX",2554
"Hatillo, PR",2560
"Hawaii, HI",224
"Hawkins, TN",1492
"Hayes, NE",2827
"Hays, TX",1285
"Haywood, NC",535
"Haywood, TN",2252
"Heard, GA",2331
"Hemphill, TX",2975
"Hempstead, AR",882
"Henderson, IL",2768
"Henderson, KY",1555
"Henderson, NC",354
"Henderson, TN",1759
"Henderson, TX",1409
"Hendricks, IN",1298
"Hendry, FL",1622
"Hennepin, MN",25
"Henrico, VA",148
"Henry, AL",960
"Henry, GA",1252
"Henry, IA",2635
"Henry, IL",1981
"Henry, IN",1534
"Henry, KY",1926
"Henry, MO",1831
"Henry, OH",812
"Henry, TN",1710
"Henry, VA",563
"Herkimer, NY",500
"Hernando, FL",1274
"Hertford, NC",851
"Hettinger, ND",3028
"Hickman, KY",2627
"Hickman, TN",850
"Hickory, MO",2004
"Hidalgo, NM",2945
"Hidalgo, TX",1176
"Highland, OH",653
"Highland, VA",2451
"Highlands, FL",1366
"Hill, MT",2277
"Hill, TX",1670
"Hillsborough, FL",1163
"Hillsborough, NH",1202
"Hillsdale, MI",1552
"Hinds, MS",1242
"Hinsdale, CO",2453
"Hitchcock, NE",1150
"Hocking, OH",796
"Hockley, TX",2218
"Hodgeman, KS",3050
"Hoke, NC",618
"Holmes, FL",2243
"Holmes, MS",2842
"Holmes, OH",667
"Holt, MO",2944
"Holt, NE",2589
"Honolulu, HI",31
"Hood River, OR",887
"Hood, TX",1524
"Hooker, NE",2831
"Hopewell City, VA",883
"Hopkins, KY",619
"Hopkins, TX",1668
"Horry, SC",166
"Hot Spring, AR",769
"Hot Springs, WY",2949
"Houghton, MI",1647
"Houston, AL",367
"Houston, GA",1304
"Houston, MN",2251
"Houston, TN",2395
"Houston, TX",2212
"Howard, AR",1023
"Howard, IA",1079
"Howard, IN",1398
"Howard, MD",157
"Howard, MO",2873
"Howard, NE",2616
"Howard, TX",1672
"Howell, MO",1610
"Hubbard, MN",1861
"Hudson, NJ",67
"Hudspeth, TX",2983
"Huerfano, CO",2144
"Hughes, OK",1015
"Hughes, SD",3090
"Humacao, PR",2006
"Humboldt, CA",299
"Humboldt, IA",2536
"Humboldt, NV",972
"Humphreys, MS",2679
"Humphreys, TN",1881
"Hunt, TX",418
"Hunterdon, NJ",311
"Huntingdon, PA",631
"Huntington, IN",1641
"Huron, MI",1695
"Huron, OH",531
"Hutchinson, TX",2226
"Hyde, NC",2783
"Iberia, LA",1430
"Iberville, LA",2478
"Ida, IA",2653
"Idaho, ID",1917
"Imperial, CA",236
"Independence, AR",732
"Indian River, FL",1309
"Indiana, PA",407
"Ingham, MI",1223
"Inyo, CA",938
"Ionia, MI",1467
"Iosco, MI",1786
"Iowa, IA",973
"Iowa, WI",865
"Iredell, NC",261
"Irion, TX",3062
"Iron, MI",2332
"Iron, MO",2348
"Iron, UT",1556
"Iron, WI",1129
"Iroquois, IL",1731
"Irwin, GA",2363
"Isabela, PR",2154
"Isabella, MI",1438
"Isanti, MN",713
"Island, WA",437
"Isle of Wight, VA",1667
"Itasca, MN",638
"Itawamba, MS",2214
"Izard, AR",1943
"Jack, TX",2680
"Jackson, AL",567
"Jackson, AR",2260
"Jackson, FL",1530
"Jackson, GA",1478
"Jackson, IA",2464
"Jackson, IL",1479
"Jackson, IN",1590
"Jackson, KS",2314
"Jackson, KY",2312
"Jackson, LA",2699
"Jackson, MI",1282
"Jackson, MN",2591
"Jackson, MO",1181
"Jackson, MS",1305
"Jackson, NC",691
"Jackson, OH",761
"Jackson, OK",829
"Jackson, OR",205
"Jackson, TN",2336
"Jackson, TX",2298
"Jackson, WI",919
"Jackson, WV",2032
"James City, VA",485
"Jasper, GA",1942
"Jasper, IA",729
"Jasper, IL",2746
"Jasper, IN",759
"Jasper, MO",1334
"Jasper, MS",2266
"Jasper, SC",849
"Jasper, TX",1658
"Jay, IN",2236
"Jeff Davis, GA",2287
"Jeff Davis, TX",3035
"Jefferson Davis, LA",1718
"Jefferson Davis, MS",2673
"Jefferson, AL",66
"Jefferson, AR",445
"Jefferson, CO",86
"Jefferson, FL",2102
"Jefferson, GA",2569
"Jefferson, IA",966
"Jefferson, ID",1777
"Jefferson, IL",1624
"Jefferson, IN",1708
"Jefferson, KS",1874
"Jefferson, KY",57
"Jefferson, LA",1197
"Jefferson, MO",194
"Jefferson, MS",2894
"Jefferson, MT",2000
"Jefferson, NE",2611
"Jefferson, NY",334
"Jefferson, OH",1442
"Jefferson, OK",2615
"Jefferson, OR",895
"Jefferson, PA",636
"Jefferson, TN",582
"Jefferson, TX",1238
"Jefferson, WA",793
"Jefferson, WI",423
"Jefferson, WV",566
"Jenkins, GA",2759
"Jennings, IN",1744
"Jerome, ID",1828
"Jersey, IL",1825
"Jessamine, KY",607
"Jewell, KS",3005
"Jim Hogg, TX",2935
"Jim Wells, TX",2014
"Jo Daviess, IL",1826
"Johnson, AR",1791
"Johnson, GA",2745
"Johnson, IA",308
"Johnson, IL",2116
"Johnson, IN",1306
"Johnson, KS",1187
"Johnson, KY",2057
"Johnson, MO",1516
"Johnson, NE",2690
"Johnson, TN",1885
"Johnson, TX",276
"Johnson, WY",2388
"Johnston, NC",241
"Johnston, OK",1059
"Jones, GA",1743
"Jones, IA",2240
"Jones, MS",1450
"Jones, NC",1074
"Jones, TX",2497
"Josephine, OR",428
"Juab, UT",2870
"Judith Basin, MT",3044
"Juncos, PR",2455
"Juneau, AK",1720
"Juneau, WI",827
"Juniata, PA",852
"Kalamazoo, MI",1239
"Kalkaska, MI",1901
"Kanabec, MN",974
"Kanawha, WV",221
"Kandiyohi, MN",669
"Kane, IL",1190
"Kane, UT",2142
"Kankakee, IL",1339
"Karnes, TX",2848
"Kauai, HI",483
"Kaufman, TX",360
"Kay, OK",624
"Kearney, NE",2614
"Kearny, KS",2970
"Keith, NE",2397
"Kemper, MS",2867
"Kenai Peninsula, AK",1501
"Kendall, IL",1337
"Kendall, TX",1689
"Kenedy, TX",3085
"Kennebec, ME",323
"Kenosha, WI",246
"Kent, DE",252
"Kent, MD",922
"Kent, MI",1184
"Kent, RI",247
"Kent, TX",3078
"Kenton, KY",260
"Keokuk, IA",2351
"Kern, CA",44
"Kerr, TX",1532
"Kershaw, SC",518
"Ketchikan Gateway, AK",2313
"Kewaunee, WI",917
"Keweenaw, MI",2812
"Keya Paha, NE",2828
"Kimball, NE",2630
"Kimble, TX",2952
"King George, VA",866
"King William, VA",978
"King and Queen, VA",2769
"King, WA",11
"Kingfisher, OK",998
"Kingman, KS",2406
"Kings, CA",274
"Kings, NY",5
"Kingsbury, SD",2939
"Kinney, TX",2981
"Kiowa, CO",2824
"Kiowa, KS",3025
"Kiowa, OK",1081
"Kit Carson, CO",2544
"Kitsap, WA",176
"Kittitas, WA",687
"Kittson, MN",2954
"Klamath, OR",489
"Kleberg, TX",2026
"Klickitat, WA",1862
"Knott, KY",2724
"Knox, IL",1513
"Knox, IN",705
"Knox, KY",2027
"Knox, ME",696
"Knox, MO",2966
"Knox, NE",2600
"Knox, OH",522
"Knox, TN",111
"Kodiak Island, AK",2524
"Koochiching, MN",2525
"Kootenai, ID",1307
"Kosciusko, IN",1411
"Kossuth, IA",2638
"La Crosse, WI",339
"La Paz, AZ",918
"La Plata, CO",583
"La Porte, IN",1342
"La Salle, IL",1338
"La Salle, LA",2701
"La Salle, TX",2904
"Labette, KS",1843
"Lac Qui Parle, MN",1110
"Lackawanna, PA",197
"Laclede, MO",1663
"Lafayette, AR",1101
"Lafayette, FL",2465
"Lafayette, LA",1247
"Lafayette, MO",1690
"Lafayette, MS",1548
"Lafayette, WI",1905
"Lafourche, LA",1370
"Lagrange, IN",1640
"Lake of the Woods, MN",2794
"Lake, CA",499
"Lake, CO",2466
"Lake, FL",1218
"Lake, IL",1177
"Lake, IN",95
"Lake, MI",1958
"Lake, MN",1061
"Lake, MT",1741
"Lake, OH",187
"Lake, OR",2404
"Lake, SD",2343
"Lake, TN",2407
"Lamar, AL",2729
"Lamar, GA",1884
"Lamar, MS",1498
"Lamar, TX",1529
"Lamb, TX",2299
"Lamoille, VT",858
"Lamoure, ND",2964
"Lampasas, TX",1870
"Lancaster, NE",159
"Lancaster, PA",88
"Lancaster, SC",449
"Lancaster, VA",1050
"Lander, NV",1130
"Lane, KS",3056
"Lane, OR",133
"Langlade, WI",1994
"Lanier, GA",2129
"Lapeer, MI",1387
"Laramie, WY",1379
"Larimer, CO",151
"Larue, KY",2105
"Las Animas, CO",989
"Las Piedras, PR",2459
"Lassen, CA",745
"Latah, ID",1638
"Latimer, OK",1054
"Lauderdale, AL",397
"Lauderdale, MS",1406
"Lauderdale, TN",2482
"Laurel, KY",1980
"Laurens, GA",1539
"Laurens, SC",486
"Lavaca, TX",2249
"Lawrence, AL",752
"Lawrence, AR",958
"Lawrence, IL",2271
"Lawrence, IN",1557
"Lawrence, KY",2726
"Lawrence, MO",1627
"Lawrence, MS",2703
"Lawrence, OH",511
"Lawrence, PA",401
"Lawrence, SD",1814
"Lawrence, TN",1598
"Le Sueur, MN",817
"LeFlore, OK",590
"Lea, NM",2165
"Leake, MS",2055
"Leavenworth, KS",1417
"Lebanon, PA",303
"Lee, AL",289
"Lee, AR",2590
"Lee, FL",1183
"Lee, GA",1750
"Lee, IA",739
"Lee, IL",1654
"Lee, KY",2762
"Lee, MS",1395
"Lee, NC",541
"Lee, SC",2721
"Lee, TX",2505
"Lee, VA",839
"Leelanau, MI",1839
"Leflore, MS",2180
"Lehigh, PA",136
"Lemhi, ID",1974
"Lenawee, MI",1364
"Lenoir, NC",533
"Leon, FL",1226
"Leon, TX",2088
"Leslie, KY",2736
"Letcher, KY",2716
"Levy, FL",1606
"Lewis and Clark, MT",1471
"Lewis, ID",2713
"Lewis, KY",2523
"Lewis, MO",3095
"Lewis, NY",823
"Lewis, TN",3094
"Lewis, WA",453
"Lewis, WV",1915
"Lexington City, VA",1112
"Lexington, SC",169
"Liberty, FL",2758
"Liberty, GA",1470
"Liberty, MT",3036
"Liberty, TX",1420
"Licking, OH",245
"Limestone, AL",1397
"Limestone, TX",1822
"Lincoln, AR",1012
"Lincoln, CO",2621
"Lincoln, GA",2140
"Lincoln, ID",2937
"Lincoln, KS",2998
"Lincoln, KY",1805
"Lincoln, LA",2169
"Lincoln, ME",750
"Lincoln, MN",2657
"Lincoln, MO",571
"Lincoln, MS",2694
"Lincoln, MT",1869
"Lincoln, NC",440
"Lincoln, NE",734
"Lincoln, NM",1859
"Lincoln, NV",1134
"Lincoln, OK",753
"Lincoln, OR",628
"Lincoln, SD",1570
"Lincoln, TN",1691
"Lincoln, WA",2533
"Lincoln, WI",803
"Lincoln, WV",2227
"Lincoln, WY",1889
"Linn, IA",1249
"Linn, KS",2133
"Linn, MO",2321
"Linn, OR",332
"Lipscomb, TX",2997
"Litchfield, CT",222
"Little River, AR",1032
"Live Oak, TX",2337
"Livingston, IL",1984
"Livingston, KY",2365
"Livingston, LA",1324
"Livingston, MI",1266
"Livingston, MO",2098
"Livingston, NY",495
"Llano, TX",1871
"Logan, AR",1829
"Logan, CO",878
"Logan, IL",1727
"Logan, KS",3018
"Logan, KY",1769
"Logan, ND",3048
"Logan, NE",2830
"Logan, OH",632
"Logan, OK",675
"Logan, WV",2020
"Long, GA",1936
"Lonoke, AR",480
"Lorain, OH",150
"Los Alamos, NM",2261
"Los Angeles, CA",1
"Loudon, TN",608
"Loudoun, VA",146
"Louisa, IA",1051
"Louisa, VA",762
"Love, OK",1082
"Lowndes, AL",2737
"Lowndes, GA",1350
"Lowndes, MS",1481
"Lubbock, TX",1224
"Lucas, IA",2755
"Lucas, OH",107
"Luce, MI",2550
"Lumpkin, GA",1730
"Luna, NM",1799
"Lunenburg, VA",1034
"Luquillo, PR",2457
"Luzerne, PA",141
"Lycoming, PA",335
"Lynchburg City, VA",452
"Lynn, TX",2922
"Lyon, IA",2644
"Lyon, KS",1685
"Lyon, KY",1973
"Lyon, MN",2485
"Lyon, NV",578
"Mackinac, MI",1959
"Macomb, MI",1173
"Macon, AL",2231
"Macon, GA",2292
"Macon, IL",1345
"Macon, MO",2096
"Macon, NC",755
"Macon, TN",890
"Macoupin, IL",1542
"Madera, CA",277
"Madison, AL",138
"Madison, AR",986
"Madison, FL",2074
"Madison, GA",1754
"Madison, IA",987
"Madison, ID",1637
"Madison, IL",1230
"Madison, IN",1317
"Madison, KY",426
"Madison, LA",2704
"Madison, MO",1952
"Madison, MS",1373
"Madison, MT",1975
"Madison, NC",913
"Madison, NE",746
"Madison, NY",463
"Madison, OH",658
"Madison, TN",381
"Madison, TX",2307
"Madison, VA",1028
"Magoffin, KY",2857
"Mahaska, IA",885
"Mahnomen, MN",2932
"Mahoning, OH",181
"Major, OK",1102
"Malheur, OR",785
"Manassas City, VA",712
"Manassas Park City, VA",1006
"Manatee, FL",1211
"Manistee, MI",1806
"Manitowoc, WI",431
"Marathon, WI",302
"Marengo, AL",901
"Maricopa, AZ",2
"Maries, MO",2374
"Marin, CA",174
"Marinette, WI",676
"Marion, AL",789
"Marion, AR",1909
"Marion, FL",1210
"Marion, GA",2756
"Marion, IA",760
"Marion, IL",2476
"Marion, IN",1171
"Marion, KS",2323
"Marion, KY",929
"Marion, MO",1739
"Marion, MS",2195
"Marion, OH",487
"Marion, OR",145
"Marion, SC",1696
"Marion, TN",1752
"Marion, TX",2350
"Marion, WV",1494
"Mariposa, CA",945
"Marlboro, SC",2188
"Marquette, MI",1453
"Marquette, WI",992
"Marshall, AL",396
"Marshall, IA",1608
"Marshall, IL",2324
"Marshall, IN",1551
"Marshall, KS",2874
"Marshall, KY",1719
"Marshall, MN",2593
"Marshall, MS",2174
"Marshall, OK",983
"Marshall, TN",1725
"Marshall, WV",766
"Martin, FL",1297
"Martin, IN",2352
"Martin, KY",2731
"Martin, MN",911
"Martin, NC",2051
"Martin, TX",2950
"Martinsville City, VA",1020
"Mason, IL",2639
"Mason, KY",2083
"Mason, MI",1742
"Mason, TX",2969
"Mason, WA",523
"Mason, WV",1763
"Massac, IL",2514
"Matagorda, TX",1645
"Matanuska Susitna, AK",1386
"Mathews, VA",1089
"Maui, HI",269
"Maury, TN",1404
"Maverick, TX",2167
"Mayaguez, PR",2156
"Mayes, OK",683
"McClain, OK",748
"McCone, MT",3058
"McCook, SD",2929
"McCormick, SC",1072
"McCracken, KY",1460
"McCreary, KY",2500
"McCulloch, TX",2399
"McCurtain, OK",763
"McDonald, MO",2215
"McDonough, IL",2179
"McDowell, NC",640
"McDowell, WV",2719
"McDuffie, GA",1838
"McHenry, IL",1215
"McHenry, ND",2710
"McIntosh, GA",2104
"McIntosh, ND",3016
"McIntosh, OK",920
"McKean, PA",656
"McKenzie, ND",2145
"McKinley, NM",2164
"McLean, IL",1277
"McLean, KY",2748
"McLean, ND",2681
"McLennan, TX",1243
"McLeod, MN",731
"McMinn, TN",1520
"McMullen, TX",3081
"McNairy, TN",1779
"McPherson, KS",2033
"McPherson, NE",2836
"McPherson, SD",3030
"Meade, KS",2953
"Meade, KY",806
"Meade, SD",1794
"Meagher, MT",3052
"Mecklenburg, NC",36
"Mecklenburg, VA",773
"Mecosta, MI",1586
"Medina, OH",238
"Medina, TX",1559
"Meeker, MN",872
"Meigs, OH",2211
"Meigs, TN",1956
"Menard, IL",2641
"Menard, TX",3038
"Mendocino, CA",414
"Menifee, KY",2429
"Menominee, MI",2207
"Menominee, WI",2444
"Merced, CA",171
"Mercer, IL",2507
"Mercer, KY",1850
"Mercer, MO",2976
"Mercer, ND",2396
"Mercer, NJ",130
"Mercer, OH",688
"Mercer, PA",333
"Mercer, WV",1475
"Meriwether, GA",1836
"Merrick, NE",1100
"Merrimack, NH",1296
"Mesa, CO",284
"Metcalfe, KY",2356
"Miami, IN",2018
"Miami, KS",1703
"Miami, OH",361
"Miami-Dade, FL",1158
"Middlesex, CT",248
"Middlesex, MA",17
"Middlesex, NJ",46
"Middlesex, VA",1058
"Midland, MI",1393
"Midland, TX",1312
"Mifflin, PA",623
"Milam, TX",2203
"Millard, UT",2326
"Mille Lacs, MN",833
"Miller, AR",655
"Miller, GA",2617
"Miller, MO",1804
"Mills, IA",996
"Mills, TX",2942
"Milwaukee, WI",33
"Mineral, CO",2454
"Mineral, MT",2445
"Mineral, NV",2440
"Mineral, WV",2038
"Mingo, WV",2196
"Minidoka, ID",2242
"Minnehaha, SD",1278
"Missaukee, MI",1933
"Mississippi, AR",2011
"Mississippi, MO",2521
"Missoula, MT",1349
"Mitchell, GA",2213
"Mitchell, IA",2588
"Mitchell, KS",2913
"Mitchell, NC",1924
"Mitchell, TX",2368
"Mobile, AL",118
"Modoc, CA",1077
"Moffat, CO",1022
"Mohave, AZ",213
"Moniteau, MO",2845
"Monmouth, NJ",68
"Mono, CA",1008
"Monona, IA",2749
"Monongalia, WV",386
"Monroe, AL",2717
"Monroe, AR",2607
"Monroe, FL",1431
"Monroe, GA",1773
"Monroe, IA",2608
"Monroe, IL",1698
"Monroe, IN",1310
"Monroe, KY",2740
"Monroe, MI",1290
"Monroe, MO",2382
"Monroe, MS",2477
"Monroe, NY",55
"Monroe, OH",2293
"Monroe, PA",240
"Monroe, TN",1573
"Monroe, WI",643
"Monroe, WV",2311
"Montague, TX",2072
"Montcalm, MI",1472
"Monterey, CA",116
"Montezuma, CO",840
"Montgomery, AL",188
"Montgomery, AR",1080
"Montgomery, GA",2751
"Montgomery, IA",1064
"Montgomery, IL",1729
"Montgomery, IN",1630
"Montgomery, KS",1666
"Montgomery, KY",1772
"Montgomery, MD",30
"Montgomery, MO",2117
"Montgomery, MS",2865
"Montgomery, NC",815
"Montgomery, NY",592
"Montgomery, OH",85
"Montgomery, PA",50
"Montgomery, TN",1275
"Montgomery, TX",1195
"Montgomery, VA",1375
"Montmorency, MI",1968
"Montour, PA",944
"Montrose, CO",682
"Moody, SD",2909
"Moore, NC",413
"Moore, TN",3089
"Moore, TX",2840
"Mora, NM",2946
"Morehouse, LA",2039
"Morgan, AL",325
"Morgan, CO",813
"Morgan, GA",1892
"Morgan, IL",1664
"Morgan, IN",1446
"Morgan, KY",2577
"Morgan, MO",1857
"Morgan, OH",997
"Morgan, TN",1837
"Morgan, UT",2539
"Morgan, WV",1895
"Morrill, NE",2625
"Morris, KS",2436
"Morris, NJ",97
"Morris, TX",2317
"Morrison, MN",1693
"Morrow, OH",1675
"Morrow, OR",1052
"Morton, KS",2999
"Morton, ND",2483
"Moultrie, IL",2100
"Mountrail, ND",2412
"Mower, MN",700
"Muhlenberg, KY",2480
"Multnomah, OR",58
"Murray, GA",1616
"Murray, MN",2385
"Murray, OK",1026
"Muscatine, IA",662
"Muscogee, GA",1262
"Muskegon, MI",1276
"Muskingum, OH",419
"Muskogee, OK",470
"Musselshell, MT",2956
"Nacogdoches, TX",1463
"Naguabo, PR",2561
"Nance, NE",1145
"Nantucket, MA",1073
"Napa, CA",297
"Nash, NC",388
"Nassau, FL",1429
"Nassau, NY",21
"Natchitoches, LA",2475
"Natrona, WY",1421
"Navajo, AZ",351
"Navarro, TX",1544
"Nelson, KY",657
"Nelson, ND",3002
"Nelson, VA",999
"Nemaha, KS",2872
"Nemaha, NE",2141
"Neosho, KS",2090
"Neshoba, MS",2186
"Ness, KS",3003
"Nevada, AR",1088
"Nevada, CA",378
"New Castle, DE",82
"New Hanover, NC",207
"New Haven, CT",43
"New Kent, VA",941
"New London, CT",164
"New York, NY",14
"Newaygo, MI",1538
"Newberry, SC",718
"Newport News City, VA",230
"Newport, RI",427
"Newton, AR",2398
"Newton, GA",1363
"Newton, IN",1007
"Newton, MO",1487
"Newton, MS",2665
"Newton, TX",2297
"Nez Perce, ID",1621
"Niagara, NY",195
"Nicholas, KY",2419
"Nicholas, WV",2046
"Nicollet, MN",772
"Niobrara, WY",3027
"Noble, IN",1547
"Noble, OH",2518
"Noble, OK",1048
"Nobles, MN",2233
"Nodaway, MO",2162
"Nolan, TX",2286
"Nome, AK",2879
"Norfolk City, VA",180
"Norfolk, MA",64
"Norman, MN",2654
"Northampton, NC",1833
"Northampton, PA",152
"Northampton, VA",1039
"Northumberland, PA",391
"Northumberland, VA",1951
"Norton City, VA",2447
"Norton, KS",2928
"Nottoway, VA",2512
"Nowata, OK",1068
"Noxubee, MS",2862
"Nuckolls, NE",1138
"Nueces, TX",1208
"Nye, NV",649
"O Brien, IA",2640
"Oakland, MI",1164
"Obion, TN",1716
"Ocean, NJ",77
"Oceana, MI",1771
"Ochiltree, TX",2871
"Oconee, GA",1702
"Oconee, SC",459
"Oconto, WI",1636
"Ogemaw, MI",1840
"Ogle, IL",1510
"Oglethorpe, GA",1932
"Ohio, IN",1126
"Ohio, KY",2054
"Ohio, WV",2171
"Okaloosa, FL",1267
"Okanogan, WA",685
"Okeechobee, FL",1614
"Okfuskee, OK",1043
"Oklahoma, OK",60
"Okmulgee, OK",694
"Oktibbeha, MS",1546
"Oldham, KY",527
"Oliver, ND",3054
"Olmsted, MN",287
"Oneida, ID",2960
"Oneida, NY",185
"Oneida, WI",1655
"Onondaga, NY",102
"Onslow, NC",1271
"Ontario, NY",346
"Ontonagon, MI",2773
"Orange, CA",4
"Orange, FL",1165
"Orange, IN",1995
"Orange, NC",1315
"Orange, NY",128
"Orange, TX",1400
"Orange, VA",758
"Orange, VT",799
"Orangeburg, SC",399
"Oregon, MO",2127
"Orleans, LA",1207
"Orleans, NY",661
"Orleans, VT",822
"Osage, KS",2092
"Osage, MO",2303
"Osage, OK",613
"Osborne, KS",2972
"Osceola, FL",1231
"Osceola, IA",2655
"Osceola, MI",1820
"Oscoda, MI",1972
"Oswego, NY",324
"Otero, CO",936
"Otero, NM",1468
"Otoe, NE",985
"Otsego, MI",1812
"Otsego, NY",513
"Ottawa, KS",2433
"Ottawa, MI",1235
"Ottawa, OH",681
"Ottawa, OK",782
"Otter Tail, MN",1491
"Ouachita, AR",832
"Ouachita, LA",1289
"Ouray, CO",1139
"Outagamie, WI",234
"Overton, TN",1835
"Owen, IN",1845
"Owen, KY",1063
"Owyhee, ID",2338
"Oxford, ME",542
"Ozark, MO",2132
"Ozaukee, WI",417
"Pacific, WA",908
"Page, IA",979
"Page, VA",1815
"Palm Beach, FL",1162
"Palo Alto, IA",2594
"Palo Pinto, TX",1755
"Pamlico, NC",1948
"Panola, MS",1676
"Panola, TX",2208
"Park, CO",975
"Park, MT",1923
"Park, WY",1753
"Parke, IN",2084
"Parker, TX",330
"Parmer, TX",2869
"Pasco, FL",1194
"Pasquotank, NC",689
"Passaic, NJ",93
"Patrick, VA",940
"Paulding, GA",1300
"Paulding, OH",930
"Pawnee, KS",2423
"Pawnee, NE",2807
"Pawnee, OK",2273
"Payette, ID",1827
"Payne, OK",446
"Peach, GA",1760
"Pearl River, MS",1496
"Pecos, TX",2284
"Pembina, ND",2896
"Pemiscot, MO",2258
"Pend Oreille, WA",1033
"Pender, NC",576
"Pendleton, KY",2575
"Pendleton, WV",2411
"Pennington, MN",1018
"Pennington, SD",1361
"Penobscot, ME",273
"Peoria, IL",1265
"Pepin, WI",2415
"Perkins, NE",2805
"Perkins, SD",3011
"Perquimans, NC",1944
"Perry, AL",2743
"Perry, AR",1070
"Perry, IL",2489
"Perry, IN",2073
"Perry, KY",2036
"Perry, MO",1876
"Perry, MS",2674
"Perry, OH",737
"Perry, PA",629
"Perry, TN",2403
"Pershing, NV",2472
"Person, NC",1618
"Petersburg City, VA",776
"Petersburg, AK",2798
"Petroleum, MT",3084
"Pettis, MO",1592
"Phelps, MO",1566
"Phelps, NE",2597
"Philadelphia, PA",15
"Phillips, AR",894
"Phillips, CO",2660
"Phillips, KS",2437
"Phillips, MT",2962
"Piatt, IL",1907
"Pickaway, OH",551
"Pickens, AL",2244
"Pickens, GA",1735
"Pickens, SC",326
"Pickett, TN",3098
"Pierce, GA",2253
"Pierce, ND",2959
"Pierce, NE",1108
"Pierce, WA",52
"Pierce, WI",686
"Pike, AL",770
"Pike, AR",2339
"Pike, GA",1891
"Pike, IL",2571
"Pike, IN",2319
"Pike, KY",2008
"Pike, MO",1882
"Pike, MS",1609
"Pike, OH",804
"Pike, PA",1489
"Pima, AZ",29
"Pinal, AZ",126
"Pine, MN",795
"Pinellas, FL",1170
"Pipestone, MN",2747
"Piscataquis, ME",954
"Pitkin, CO",963
"Pitt, NC",242
"Pittsburg, OK",633
"Pittsylvania, VA",503
"Placer, CA",137
"Plaquemines, LA",2216
"Platte, MO",1383
"Platte, NE",778
"Platte, WY",2386
"Pleasants, WV",2609
"Plumas, CA",926
"Plymouth, IA",846
"Plymouth, MA",96
"Pocahontas, IA",1107
"Pocahontas, WV",1971
"Poinsett, AR",853
"Pointe Coupee, LA",2220
"Polk, AR",915
"Polk, FL",1185
"Polk, GA",1602
"Polk, IA",112
"Polk, MN",2161
"Polk, MO",1722
"Polk, NC",1858
"Polk, NE",2622
"Polk, OR",454
"Polk, TN",967
"Polk, TX",1564
"Polk, WI",646
"Ponce, PR",2148
"Pondera, MT",2915
"Pontotoc, MS",2185
"Pontotoc, OK",719
"Pope, AR",517
"Pope, IL",2791
"Pope, MN",2586
"Poquoson City, VA",1953
"Portage, OH",255
"Portage, WI",472
"Porter, IN",250
"Portsmouth City, VA",389
"Posey, IN",1784
"Pottawatomie, KS",1844
"Pottawatomie, OK",475
"Pottawattamie, IA",395
"Potter, PA",955
"Potter, SD",3037
"Potter, TX",1330
"Powder River, MT",3057
"Powell, KY",2115
"Powell, MT",2422
"Power, ID",2892
"Poweshiek, IA",935
"Powhatan, VA",1756
"Prairie, AR",1092
"Prairie, MT",3071
"Pratt, KS",2003
"Preble, OH",668
"Prentiss, MS",2202
"Presidio, TX",2409
"Presque Isle, MI",1945
"Preston, WV",1686
"Price, WI",1011
"Prince Edward, VA",869
"Prince George, VA",1657
"Prince Georges, MD",42
"Prince William, VA",120
"Providence, RI",70
"Prowers, CO",2642
"Pueblo, CO",263
"Pulaski, AR",124
"Pulaski, GA",2120
"Pulaski, IL",2777
"Pulaski, IN",2111
"Pulaski, KY",1473
"Pulaski, MO",1519
"Pulaski, VA",747
"Pushmataha, OK",1047
"Putnam, FL",1426
"Putnam, GA",1852
"Putnam, IL",2552
"Putnam, IN",1633
"Putnam, MO",2941
"Putnam, NY",373
"Putnam, OH",749
"Putnam, TN",1432
"Putnam, WV",1500
"Quay, NM",2540
"Quebradillas, PR",2563
"Queen Annes, MD",610
"Queens, NY",7
"Quitman, GA",2633
"Quitman, MS",2884
"Rabun, GA",1916
"Racine, WI",218
"Radford City, VA",2508
"Rains, TX",1961
"Raleigh, WV",1408
"Ralls, MO",2535
"Ramsey, MN",92
"Ramsey, ND",2531
"Randall, TX",1332
"Randolph, AL",877
"Randolph, AR",947
"Randolph, GA",2764
"Randolph, IL",1688
"Randolph, IN",2047
"Randolph, MO",1796
"Randolph, NC",1301
"Randolph, WV",1736
"Rankin, MS",1302
"Ransom, ND",2931
"Rapides, LA",1318
"Rappahannock, VA",1106
"Ravalli, MT",1611
"Rawlins, KS",3026
"Ray, MO",1821
"Reagan, TX",2989
"Real, TX",2994
"Red Lake, MN",2793
"Red River, LA",2709
"Red River, TX",2672
"Red Willow, NE",1057
"Redwood, MN",2279
"Reeves, TX",2854
"Refugio, TX",2416
"Reno, KS",1464
"Rensselaer, NY",262
"Renville, MN",2282
"Renville, ND",3029
"Republic, KS",2940
"Reynolds, MO",2906
"Rhea, TN",1715
"Rice, KS",2357
"Rice, MN",501
"Rich, UT",2452
"Richardson, NE",2606
"Richland, IL",2725
"Richland, LA",2496
"Richland, MT",2877
"Richland, ND",2510
"Richland, OH",317
"Richland, SC",123
"Richland, WI",946
"Richmond City, VA",204
"Richmond, GA",1254
"Richmond, NC",1553
"Richmond, NY",101
"Richmond, VA",1084
"Riley, KS",1435
"Rincon, PR",2456
"Ringgold, IA",2788
"Rio Arriba, NM",1982
"Rio Blanco, CO",1118
"Rio Grande, CO",1954
"Rio Grande, PR",2467
"Ripley, IN",1738
"Ripley, MO",2106
"Ritchie, WV",2647
"Riverside, CA",8
"Roane, TN",1506
"Roane, WV",2099
"Roanoke City, VA",384
"Roanoke, VA",400
"Robertson, KY",2811
"Robertson, TN",490
"Robertson, TX",2272
"Robeson, NC",301
"Rock Island, IL",1295
"Rock, MN",2537
"Rock, NE",2823
"Rock, WI",258
"Rockbridge, VA",889
"Rockcastle, KY",2268
"Rockdale, GA",1391
"Rockingham, NC",1376
"Rockingham, NH",1220
"Rockingham, VA",450
"Rockland, NY",147
"Rockwall, TX",438
"Roger Mills, OK",1147
"Rogers, OK",416
"Rolette, ND",2851
"Rooks, KS",2938
"Roosevelt, MT",2868
"Roosevelt, NM",2470
"Roscommon, MI",1810
"Roseau, MN",2095
"Rosebud, MT",2371
"Ross, OH",442
"Routt, CO",868
"Rowan, KY",871
"Rowan, NC",291
"Runnels, TX",2677
"Rush, IN",1897
"Rush, KS",2996
"Rusk, TX",1511
"Rusk, WI",1003
"Russell, AL",569
"Russell, KS",2424
"Russell, KY",2081
"Russell, VA",2034
"Rutherford, NC",481
"Rutherford, TN",168
"Rutland, VT",519
"Sabine, LA",2487
"Sabine, TX",2345
"Sac, IA",1071
"Sacramento, CA",19
"Sagadahoc, ME",742
"Saginaw, MI",1255
"Saguache, CO",2432
"Saint Bernard, LA",1656
"Saint Charles, LA",1515
"Saint Charles, MO",132
"Saint Clair, AL",424
"Saint Clair, IL",1229
"Saint Clair, MI",1280
"Saint Clair, MO",2359
"Saint Croix, VI",2460
"Saint Croix, WI",422
"Saint Francis, AR",811
"Saint Francois, MO",1461
"Saint Helena, LA",2706
"Saint James, LA",3087
"Saint John the Baptist, LA",1560
"Saint Johns, FL",1261
"Saint Joseph, IN",1233
"Saint Joseph, MI",1477
"Saint Landry, LA",1394
"Saint Lawrence, NY",344
"Saint Louis City, MO",143
"Saint Louis, MN",212
"Saint Louis, MO",28
"Saint Lucie, FL",1225
"Saint Martin, LA",1522
"Saint Mary, LA",2009
"Saint Marys, MD",357
"Saint Tammany, LA",1244
"Saint Thomas, VI",2462
"Sainte Genevieve, MO",1888
"Salem City, VA",848
"Salem, NJ",492
"Saline, AR",353
"Saline, IL",2486
"Saline, KS",1499
"Saline, MO",1991
"Saline, NE",1009
"Salt Lake, UT",1166
"Saluda, SC",928
"Sampson, NC",505
"San Augustine, TX",2379
"San Benito, CA",556
"San Bernardino, CA",9
"San Diego, CA",3
"San Francisco, CA",47
"San German, PR",2562
"San Jacinto, TX",1774
"San Joaquin, CA",63
"San Juan, CO",2832
"San Juan, NM",1323
"San Juan, PR",1979
"San Juan, UT",2849
"San Juan, WA",984
"San Lorenzo, PR",2461
"San Luis Obispo, CA",165
"San Mateo, CA",61
"San Miguel, CO",1976
"San Miguel, NM",2030
"San Patricio, TX",1462
"San Saba, TX",2916
"Sanders, MT",1999
"Sandoval, NM",1319
"Sandusky, OH",521
"Sangamon, IL",1257
"Sanilac, MI",1583
"Sanpete, UT",2191
"Santa Barbara, CA",114
"Santa Clara, CA",13
"Santa Cruz, AZ",614
"Santa Cruz, CA",170
"Santa Fe, NM",1299
"Santa Rosa, FL",1291
"Sarasota, FL",1204
"Saratoga, NY",193
"Sargent, ND",2974
"Sarpy, NE",264
"Sauk, WI",514
"Saunders, NE",912
"Sawyer, WI",1912
"Schenectady, NY",270
"Schleicher, TX",2984
"Schley, GA",2691
"Schoharie, NY",771
"Schoolcraft, MI",2393
"Schuyler, IL",2895
"Schuyler, NY",942
"Schuylkill, PA",282
"Scioto, OH",435
"Scotland, MO",2948
"Scotland, NC",736
"Scott, AR",2341
"Scott, IA",249
"Scott, IL",2623
"Scott, IN",2206
"Scott, KS",2943
"Scott, KY",1549
"Scott, MN",309
"Scott, MO",2016
"Scott, MS",2663
"Scott, TN",2225
"Scott, VA",873
"Scotts Bluff, NE",724
"Screven, GA",2294
"Scurry, TX",2270
"Searcy, AR",2402
"Sebastian, AR",314
"Sedgwick, CO",2810
"Sedgwick, KS",1191
"Seminole, FL",1199
"Seminole, GA",2384
"Seminole, OK",841
"Seneca, NY",743
"Seneca, OH",545
"Sequatchie, TN",1938
"Sequoyah, OK",666
"Sevier, AR",2267
"Sevier, TN",1381
"Sevier, UT",1855
"Seward, KS",2059
"Seward, NE",968
"Shackelford, TX",2988
"Shannon, MO",2394
"Sharp, AR",962
"Shasta, CA",233
"Shawano, WI",1596
"Shawnee, KS",1270
"Sheboygan, WI",337
"Shelby, AL",219
"Shelby, IA",2582
"Shelby, IL",2718
"Shelby, IN",1574
"Shelby, KY",1594
"Shelby, MO",2912
"Shelby, OH",598
"Shelby, TN",35
"Shelby, TX",2201
"Shenandoah, VA",673
"Sherburne, MN",412
"Sheridan, KS",3024
"Sheridan, MT",2987
"Sheridan, ND",3067
"Sheridan, NE",1132
"Sheridan, WY",1737
"Sherman, KS",2920
"Sherman, NE",2802
"Sherman, OR",2821
"Sherman, TX",3008
"Shiawassee, MI",1437
"Shoshone, ID",1950
"Sibley, MN",2727
"Sierra, CA",1148
"Sierra, NM",2121
"Silver Bow, MT",1681
"Simpson, KY",1898
"Simpson, MS",2044
"Sioux, IA",757
"Sioux, NE",2825
"Siskiyou, CA",641
"Sitka, AK",2541
"Skagit, WA",331
"Skagway, AK",2826
"Skamania, WA",1056
"Smith, KS",2973
"Smith, MS",2669
"Smith, TN",931
"Smith, TX",1250
"Smyth, VA",779
"Snohomish, WA",62
"Snyder, PA",697
"Socorro, NM",2079
"Solano, CA",117
"Somerset, MD",828
"Somerset, ME",575
"Somerset, NJ",140
"Somerset, PA",443
"Somervell, TX",2392
"Sonoma, CA",99
"Southampton, VA",937
"Spalding, GA",1465
"Spartanburg, SC",160
"Spencer, IN",2067
"Spencer, KY",2085
"Spokane, WA",100
"Spotsylvania, VA",322
"Stafford, KS",2957
"Stafford, VA",310
"Stanislaus, CA",90
"Stanly, NC",525
"Stanton, KS",3039
"Stanton, NE",1125
"Stark, IL",2553
"Stark, ND",1989
"Stark, OH",127
"Starke, IN",1823
"Starr, TX",2662
"Staunton City, VA",863
"Stearns, MN",278
"Steele, MN",733
"Stephens, GA",1775
"Stephens, OK",639
"Stephens, TX",2362
"Stephenson, IL",1545
"Steuben, IN",1682
"Steuben, NY",375
"Stevens, KS",2926
"Stevens, MN",2649
"Stevens, WA",654
"Stewart, GA",2779
"Stewart, TN",1946
"Stillwater, MT",2138
"Stoddard, MO",2184
"Stokes, NC",615
"Stone, AR",1038
"Stone, MO",1713
"Stone, MS",2264
"Stonewall, TX",3063
"Storey, NV",1142
"Story, IA",405
"Strafford, NH",1327
"Stutsman, ND",2493
"Sublette, WY",2001
"Suffolk City, VA",421
"Suffolk, MA",59
"Suffolk, NY",18
"Sullivan, IN",2230
"Sullivan, NH",1580
"Sullivan, NY",444
"Sullivan, PA",1120
"Sullivan, TN",1286
"Sully, SD",3065
"Summers, WV",2302
"Summit, CO",1758
"Summit, OH",81
"Summit, UT",1649
"Sumner, KS",1813
"Sumner, TN",257
"Sumter, AL",2855
"Sumter, FL",1377
"Sumter, GA",1701
"Sumter, SC",350
"Sunflower, MS",2839
"Surry, NC",462
"Surry, VA",2548
"Susquehanna, PA",659
"Sussex, DE",215
"Sussex, NJ",281
"Sussex, VA",2119
"Sutter, CA",390
"Sutton, TX",2967
"Suwannee, FL",1601
"Swain, NC",1016
"Sweet Grass, MT",2449
"Sweetwater, WY",1579
"Swift, MN",2360
"Swisher, TX",2891
"Switzerland, IN",2349
"Talbot, GA",2688
"Talbot, MD",714
"Taliaferro, GA",2822
"Talladega, AL",1399
"Tallahatchie, MS",2846
"Tallapoosa, AL",1600
"Tama, IA",952
"Taney, MO",1523
"Tangipahoa, LA",1329
"Taos, NM",1699
"Tarrant, TX",12
"Tate, MS",2035
"Tattnall, GA",1793
"Taylor, FL",1992
"Taylor, GA",2754
"Taylor, IA",1121
"Taylor, KY",855
"Taylor, TX",1321
"Taylor, WI",914
"Taylor, WV",2570
"Tazewell, IL",1314
"Tazewell, VA",637
"Tehama, CA",504
"Telfair, GA",2274
"Teller, CO",870
"Tensas, LA",2712
"Terrebonne, LA",1341
"Terrell, GA",2595
"Terrell, TX",3076
"Terry, TX",2860
"Teton, ID",1966
"Teton, MT",2434
"Teton, WY",1851
"Texas, MO",1781
"Texas, OK",916
"Thayer, NE",2624
"Thomas, GA",1572
"Thomas, KS",2889
"Thomas, NE",2834
"Throckmorton, TX",3060
"Thurston, NE",2770
"Thurston, WA",175
"Tift, GA",1613
"Tillamook, OR",843
"Tillman, OK",1098
"Tioga, NY",585
"Tioga, PA",674
"Tippah, MS",2224
"Tippecanoe, IN",1273
"Tipton, IN",2094
"Tipton, TN",520
"Tishomingo, MS",2245
"Titus, TX",1709
"Toa Alta, PR",2163
"Toa Baja, PR",2157
"Todd, KY",2581
"Todd, MN",1802
"Tolland, CT",275
"Tom Green, TX",1348
"Tompkins, NY",366
"Tooele, UT",1486
"Toole, MT",2934
"Toombs, GA",2193
"Torrance, NM",2091
"Towns, GA",1964
"Traill, ND",2885
"Transylvania, NC",767
"Traverse, MN",2661
"Travis, TX",1167
"Treasure, MT",3080
"Trego, KS",3010
"Trempealeau, WI",801
"Treutlen, GA",2771
"Trigg, KY",1937
"Trimble, KY",2542
"Trinity, CA",1024
"Trinity, TX",1935
"Troup, GA",1454
"Trousdale, TN",1099
"Trujillo Alto, PR",2160
"Trumbull, OH",200
"Tucker, WV",2005
"Tulare, CA",106
"Tulsa, OK",74
"Tunica, MS",2742
"Tuolumne, CA",553
"Turner, GA",2377
"Turner, SD",2883
"Tuscaloosa, AL",220
"Tuscarawas, OH",398
"Tuscola, MI",1497
"Twiggs, GA",2753
"Twin Falls, ID",1412
"Tyler, TX",2064
"Tyler, WV",2750
"Tyrrell, NC",1140
"Uinta, WY",2066
"Uintah, UT",1706
"Ulster, NY",227
"Umatilla, OR",451
"Unicoi, TN",943
"Union, AR",677
"Union, FL",2573
"Union, GA",1849
"Union, IA",2733
"Union, IL",2501
"Union, IN",2685
"Union, KY",2574
"Union, LA",2060
"Union, MS",2194
"Union, NC",208
"Union, NJ",84
"Union, NM",2955
"Union, OH",574
"Union, OR",837
"Union, PA",1568
"Union, SC",2481
"Union, SD",2520
"Union, TN",932
"United States, ",3091
"Upshur, TX",1620
"Upshur, WV",1811
"Upson, GA",1764
"Upton, TX",2990
"Utah, UT",1189
"Uvalde, TX",2198
"Val Verde, TX",1536
"Valdez Cordova, AK",2361
"Valencia, NM",1415
"Valley, ID",1967
"Valley, MT",2417
"Valley, NE",2792
"Van Buren, AR",961
"Van Buren, IA",2765
"Van Buren, MI",1416
"Van Buren, TN",2438
"Van Wert, OH",802
"Van Zandt, TX",1517
"Vance, NC",635
"Vanderburgh, IN",1268
"Vega Alta, PR",2458
"Vega Baja, PR",2473
"Venango, PA",557
"Ventura, CA",45
"Vermilion, IL",1401
"Vermilion, LA",1488
"Vermillion, IN",2670
"Vernon, LA",2010
"Vernon, MO",1853
"Vernon, WI",794
"Victoria, TX",1389
"Vigo, IN",1352
"Vilas, WI",897
"Vinton, OH",1027
"Virginia Beach City, VA",109
"Volusia, FL",1192
"Wabash, IL",2529
"Wabash, IN",1987
"Wabasha, MN",1841
"Wabaunsee, KS",2900
"Wadena, MN",2304
"Wagoner, OK",464
"Wahkiakum, WA",1143
"Wake, NC",40
"Wakulla, FL",1724
"Waldo, ME",1625
"Walker, AL",484
"Walker, GA",1448
"Walker, TX",1449
"Walla Walla, WA",537
"Wallace, KS",3064
"Waller, TX",1582
"Wallowa, OR",1113
"Walsh, ND",2863
"Walthall, MS",2285
"Walton, FL",1503
"Walton, GA",1392
"Walworth, WI",363
"Wapello, IA",740
"Ward, ND",1476
"Ward, TX",2676
"Ware, GA",1650
"Warren, GA",2781
"Warren, IA",625
"Warren, IL",2502
"Warren, IN",2684
"Warren, KY",342
"Warren, MO",1707
"Warren, MS",1537
"Warren, NC",905
"Warren, NJ",345
"Warren, NY",493
"Warren, OH",198
"Warren, PA",1599
"Warren, TN",1615
"Warren, VA",717
"Warrick, IN",1482
"Wasatch, UT",1819
"Wasco, OR",845
"Waseca, MN",1873
"Washakie, WY",2390
"Washburn, WI",980
"Washington, AL",2723
"Washington, AR",206
"Washington, CO",2628
"Washington, FL",1801
"Washington, GA",2237
"Washington, IA",2228
"Washington, ID",1965
"Washington, IL",2517
"Washington, IN",2037
"Washington, KS",2925
"Washington, KY",2333
"Washington, LA",1550
"Washington, MD",283
"Washington, ME",1700
"Washington, MN",183
"Washington, MO",1798
"Washington, MS",2168
"Washington, NC",1031
"Washington, NE",921
"Washington, NY",506
"Washington, OH",516
"Washington, OK",587
"Washington, OR",87
"Washington, PA",201
"Washington, RI",313
"Washington, TN",320
"Washington, TX",1684
"Washington, UT",1308
"Washington, VA",558
"Washington, VT",532
"Washington, WI",304
"Washita, OK",1046
"Washoe, NV",115
"Washtenaw, MI",1206
"Watauga, NC",586
"Watonwan, MN",2342
"Waukesha, WI",122
"Waupaca, WI",573
"Waushara, WI",856
"Wayne, GA",2028
"Wayne, IA",2656
"Wayne, IL",2504
"Wayne, IN",1445
"Wayne, KY",2069
"Wayne, MI",1159
"Wayne, MO",2110
"Wayne, MS",2239
"Wayne, NC",321
"Wayne, NE",2592
"Wayne, NY",392
"Wayne, OH",340
"Wayne, PA",570
"Wayne, TN",1903
"Wayne, WV",664
"Waynesboro City, VA",903
"Weakley, TN",1671
"Webb, TX",1240
"Weber, UT",1245
"Webster, GA",2806
"Webster, IA",711
"Webster, KY",2578
"Webster, LA",2474
"Webster, MO",1653
"Webster, MS",2678
"Webster, NE",1144
"Webster, WV",2880
"Weld, CO",173
"Wells, IN",1761
"Wells, ND",2963
"West Baton Rouge, LA",2210
"West Carroll, LA",2705
"West Feliciana, LA",2513
"Westchester, NY",32
"Westmoreland, PA",131
"Westmoreland, VA",956
"Weston, WY",2418
"Wetzel, WV",2637
"Wexford, MI",1704
"Wharton, TX",1603
"Whatcom, WA",209
"Wheatland, MT",3043
"Wheeler, GA",2766
"Wheeler, NE",2829
"Wheeler, OR",2692
"Wheeler, TX",2933
"White Pine, NV",2130
"White, AR",448
"White, GA",1765
"White, IL",2728
"White, IN",1809
"White, TN",1787
"Whiteside, IL",1484
"Whitfield, GA",1360
"Whitley, IN",1692
"Whitley, KY",2022
"Whitman, WA",1571
"Wibaux, MT",3075
"Wichita, KS",3040
"Wichita, TX",1322
"Wicomico, MD",380
"Wilbarger, TX",2310
"Wilcox, AL",2735
"Wilcox, GA",2693
"Wilkes, GA",2128
"Wilkes, NC",1444
"Wilkin, MN",2775
"Wilkinson, GA",2538
"Wilkinson, MS",2876
"Will, IL",1180
"Willacy, TX",2491
"Williams, ND",2223
"Williams, OH",716
"Williamsburg City, VA",1013
"Williamsburg, SC",751
"Williamson, IL",1456
"Williamson, TN",226
"Williamson, TX",1200
"Wilson, KS",2367
"Wilson, NC",432
"Wilson, TN",341
"Wilson, TX",1585
"Winchester City, VA",831
"Windham, CT",329
"Windham, VT",644
"Windsor, VT",546
"Winkler, TX",2899
"Winn, LA",2700
"Winnebago, IA",1062
"Winnebago, IL",1219
"Winnebago, WI",244
"Winneshiek, IA",900
"Winona, MN",580
"Winston, AL",857
"Winston, MS",2250
"Wirt, WV",2784
"Wise, TX",534
"Wise, VA",680
"Wolfe, KY",2767
"Wood, OH",315
"Wood, TX",1595
"Wood, WI",458
"Wood, WV",415
"Woodbury, IA",364
"Woodford, IL",1626
"Woodford, KY",1800
"Woodruff, AR",1109
"Woods, OK",2378
"Woodson, KS",2995
"Woodward, OK",924
"Worcester, MA",51
"Worcester, MD",581
"Worth, GA",2229
"Worth, IA",2610
"Worth, MO",3042
"Wright, IA",1029
"Wright, MN",316
"Wright, MO",1878
"Wyandot, OH",2221
"Wyandotte, KS",1284
"Wyoming, NY",670
"Wyoming, PA",810
"Wyoming, WV",2209
"Wythe, VA",797
"Yadkin, NC",708
"Yakima, WA",179
"Yalobusha, MS",2322
"Yamhill, OR",374
"Yancey, NC",950
"Yankton, SD",2488
"Yates, NY",842
"Yavapai, AZ",199
"Yazoo, MS",2190
"Yell, AR",891
"Yellow Medicine, MN",2534
"Yellowstone, MT",1294
"Yoakum, TX",2890
"Yolo, CA",210
"York, ME",216
"York, NE",2306
"York, PA",110
"York, SC",189
"York, VA",494
"Young, TX",2256
"Yuba, CA",467
"Yuma, AZ",217
"Yuma, CO",1075
"Zapata, TX",2850
"Zavala, TX",2675
